"","x"
"1","EXCHANGE%3DNASDAQ
MARKET_OPEN_MINUTE=570
MARKET_CLOSE_MINUTE=960
INTERVAL=900
COLUMNS=DATE,CLOSE,HIGH,LOW,OPEN,VOLUME
DATA=
TIMEZONE_OFFSET=-300
a1447165800,116.87,117.03,116.82,116.9,866615
1,117.21,117.9,116.56,116.87,7136998
2,117.4,117.53,116.69,117.202,3911380
3,117.33,117.72,117.2,117.395,2353557
4,117.43,117.65,117.1,117.33,1874642
5,117.355,117.74,117.2,117.42,1657902
6,117.84,117.94,117.3,117.36,1352226
7,117.67,117.88,117.59,117.839,1283474
8,117.795,118.07,117.645,117.67,1502799
9,117.8465,117.92,117.55,117.8,1150291
10,117.475,117.86,117.41,117.8401,1002720
11,117.13,117.48,116.91,117.47,2431158
12,117.276,117.44,116.98,117.13,1307939
13,117.0466,117.28,117.015,117.26,960837
14,116.939,117.049,116.78,117.049,1198371
15,116.7999,116.9327,116.57,116.9327,1403249
16,116.79,116.87,116.51,116.79,1280194
17,116.69,116.83,116.61,116.79,982199
18,116.3544,116.75,116.35,116.6877,1603207
19,116.34,116.61,116.12,116.35,2298497
20,116.21,116.44,116.061,116.35,1322272
21,116.63,116.68,116.2001,116.21,1485553
22,116.73,116.8,116.5,116.63,1423364
23,116.9515,116.96,116.72,116.73,1420220
24,116.7841,116.97,116.699,116.9501,1624740
25,116.845,117.06,116.78,116.785,1973057
26,116.73,116.87,116.33,116.845,6058394
96,116.42,116.44,116.33,116.37,412000
97,115.875,116.64,115.582,116.42,4174773
98,115.46,115.88,115.21,115.8734,3490048
99,115.62,115.74,115.23,115.47,2072022
100,115.975,116.2,115.611,115.62,2748219
101,115.8369,116.19,115.76,115.98,1795427
102,115.5,115.84,115.3899,115.835,1657193
103,115.69,115.82,115.33,115.5,1089797
104,116.375,116.38,115.673,115.7,1397274
105,116.4001,116.53,116.23,116.37,1703395
106,116.3835,116.55,116.18,116.41,1241691
107,116.96,117.05,116.27,116.39,1799516
108,117.13,117.38,116.86,116.97,2074116
109,117.26,117.42,117.09,117.13,1384876
110,117.1,117.33,116.92,117.27,1003661
111,117.0001,117.14,116.8,117.1,1017645
112,116.52,117.05,116.4,117,1306928
113,116.943,116.943,116.47,116.52,923157
114,116.57,116.9398,116.5104,116.92,742023
115,116.928,116.9431,116.52,116.56,853074
116,117.15,117.19,116.84,116.93,974052
117,116.8,117.21,116.73,117.17,890267
118,116.55,116.9799,116.45,116.81,910334
119,116.59,116.65,116.34,116.56,1212874
120,116.67,116.83,116.51,116.59,1184871
121,116.43,116.72,116.28,116.677,1151021
122,116.12,116.45,116.1,116.42,2814910
192,116.12,116.37,116.01,116.26,575904
193,115.85,116.5,115.73,116.12,2734210
194,116.28,116.4,115.71,115.85,2281515
195,116.5,116.82,116.12,116.27,2226318
196,116.13,116.66,116,116.5,1490789
197,116.34,116.41,115.88,116.12,1237470
198,116.35,116.44,116.05,116.34,871794
199,116.33,116.5,116.26,116.37,840288
200,116.07,116.34,116.04,116.32,766880
201,116.06,116.12,115.92,116.07,700085
202,116.09,116.134,115.921,116.06,599202
203,115.98,116.11,115.9,116.09,504357
204,115.85,116,115.66,115.98,887998
205,115.86,115.9,115.74,115.84,525177
206,115.87,116.09,115.84,115.87,901316
207,115.81,115.91,115.73,115.87,629701
208,115.93,116.06,115.8,115.8,702567
209,115.97,116.1,115.8812,115.92,472440
210,115.93,115.99,115.82,115.98,590236
211,115.84,115.97,115.78,115.93,623880
212,116.1499,116.15,115.775,115.84,876609
213,116.028,116.23,115.87,116.1494,868724
214,115.785,116.05,115.755,116.01,910142
215,115.84,115.9,115.65,115.78,885137
216,116.07,116.185,115.81,115.8399,1175082
217,115.93,116.11,115.88,116.07,1187842
218,115.72,116.04,115.72,115.94,3357822
288,115.21,115.24,115.18,115.2,405310
289,114.62,115.57,114.38,115.24,3224874
290,114.23,114.63,114.15,114.62,2156998
291,113.93,114.41,113.8,114.22,2437746
292,113.775,113.99,113.315,113.94,2601091
293,113.9,113.95,113.5,113.77,1587052
294,113.58,113.915,113.53,113.895,1517375
295,112.81,113.6,112.78,113.59,2907163
296,113.4157,113.6,112.68,112.81,2187675
297,113.268,113.4499,113.16,113.42,903953
298,113.6904,113.6904,113.2641,113.2641,1074594
299,113.9599,113.98,113.61,113.695,1133084
300,113.8,114.14,113.76,113.95,1236683
301,113.47,113.84,113.38,113.8161,829392
302,113.3401,113.46,113.21,113.46,722693
303,113.17,113.47,113.035,113.345,825234
304,113.2901,113.35,113.125,113.174,811735
305,113.2,113.4,113.11,113.29,758859
306,113.33,113.389,113.17,113.2,524835
307,113.36,113.41,113.14,113.32,842145
308,113.19,113.4,113.1463,113.36,867590
309,113.141,113.29,113.1,113.18,792545
310,112.93,113.165,112.79,113.15,1385807
311,113.033,113.07,112.84,112.91,1075065
312,112.76,113.07,112.55,113.04,1435345
313,112.9,113.02,112.72,112.7693,2107514
314,112.34,112.9404,112.27,112.9,5392610
576,111.18,111.4,111.14,111.38,519769
577,112.425,112.97,111,111.17,3807523
578,113.01,113.14,112.42,112.42,2420413
579,113.25,113.25,112.72,113.0168,1861687
580,113.46,113.57,113.07,113.25,1678873
581,113.36,113.47,113.105,113.46,379898
582,112.83,113.47,112.75,113.36,791528
583,112.63,113.0101,112.58,112.84,1059916
584,112.515,112.81,112.45,112.64,1213014
585,112.66,112.77,112.52,112.52,357890
586,112.895,112.99,112.6,112.65,964096
587,113.03,113.29,112.84,112.9,860428
588,113.4,113.5,112.94,113.0302,977627
589,113.51,113.79,113.4,113.4,1206693
590,113.38,113.55,113.19,113.5159,793058
591,113.51,113.54,113.31,113.3815,576625
592,113.53,113.73,113.43,113.5164,710280
593,113.66,113.75,113.47,113.53,730656
594,113.86,113.91,113.64,113.65,771397
595,114.02,114.06,113.79,113.86,847752
596,114.0401,114.23,113.96,114.03,988209
597,114.095,114.18,114,114.04,685926
598,113.8962,114.15,113.77,114.1,793866
599,114,114.176,113.8901,113.9,761305
600,114.16,114.24,113.94,113.99,1243211
601,114.03,114.22,113.98,114.16,1108326
602,114.175,114.22,113.94,114.03,4101181
672,114.92,114.95,114.74,114.92,385824
673,114.32,115.05,114.12,114.863,2498147
674,114.02,114.47,113.82,114.3101,1841244
675,113.85,114.2,113.67,114.0211,1386781
676,114.1799,114.1799,113.68,113.84,889742
677,114.35,114.44,114.087,114.17,1162115
678,114.48,114.57,114.24,114.36,970086
679,114.33,114.53,114.17,114.47,837808
680,114.57,114.58,114.3195,114.3199,714817
681,114.49,114.81,114.41,114.5738,1326313
682,114.39,114.59,114.31,114.47,660466
683,114.57,114.66,114.36,114.3912,574482
684,114.17,114.69,114.1689,114.58,654586
685,114,114.27,113.92,114.176,621677
686,114.29,114.3,113.95,113.995,485122
687,114.299,114.4,114.181,114.3,395961
688,113.9801,114.3071,113.94,114.27,409730
689,114.18,114.21,113.96,113.98,462121
690,114.32,114.36,114.11,114.19,371350
691,114.37,114.44,114.2,114.3162,421875
692,113.92,114.41,113.905,114.38,547670
693,113.6073,113.98,113.6,113.91,837445
694,113.8901,113.97,113.55,113.6286,819123
695,113.52,113.9058,113.4,113.8901,1202557
696,113.7,113.72,113.32,113.52,1122583
697,113.71,113.82,113.48,113.7,880842
698,113.69,113.841,113.43,113.71,2395908
768,115.77,115.9,115.68,115.76,463699
769,116.71,116.9,115.69,115.77,5462893
770,117.18,117.49,116.53,116.714,4385854
771,116.99,117.19,116.66,117.18,2520858
772,116.94,117.25,116.84,116.98,1959598
773,117.09,117.14,116.81,116.945,1640724
774,116.99,117.1401,116.88,117.08,1046292
775,117.145,117.17,116.83,116.99,1110089
776,117,117.36,115.5,117.15,1568131
777,117.01,117.1,116.84,117.01,1026924
778,116.881,117.07,116.87,117.02,788695
779,116.771,116.96,116.62,116.8875,1227047
780,116.6398,116.92,116.6,116.78,886546
781,116.44,116.66,116.37,116.64,1379444
782,116.51,116.72,116.435,116.44,771552
783,116.5553,116.751,116.5,116.5137,627696
784,116.56,116.68,116.45,116.55,794204
785,116.55,116.62,116.4,116.57,573015
786,116.432,116.58,116.4301,116.5599,401787
787,116.908,117.01,116.21,116.43,1987791
788,116.705,116.931,116.6143,116.91,1085600
789,116.735,116.74,116.5,116.7,983152
790,116.84,116.86,116.66,116.735,843145
791,116.73,116.88,116.5801,116.85,923296
792,116.7975,116.88,116.71,116.735,927850
793,117.0543,117.2,116.76,116.795,1831679
794,117.29,117.44,117.01,117.0546,4943906
864,117.7,117.78,117.5,117.64,598784
865,117.6,117.96,116.76,117.67,3572735
866,117.36,117.73,117.21,117.6051,2053713
867,117.52,117.75,117.2,117.37,1771165
868,117.9318,117.9672,117.41,117.5299,1715816
869,118.22,118.35,117.8,117.9202,2199485
870,118.515,118.55,118.14,118.22,1475885
871,118.79,118.87,118.495,118.52,1572208
872,118.9,118.95,118.63,118.794,1292364
873,118.8438,119.03,118.67,118.9,1496630
874,118.79,118.97,118.56,118.85,1124380
875,119.29,119.29,118.76,118.81,1692874
876,119.35,119.42,119.22,119.285,1218989
877,119.309,119.54,119.22,119.35,1195356
878,119.5,119.63,119.3,119.3048,1263285
879,119.6999,119.75,119.47,119.49,1145765
880,119.23,119.73,119.21,119.69,1216807
881,119.03,119.35,119.0148,119.22,1280109
882,119.14,119.29,118.99,119.04,803493
883,118.78,119.21,118.6499,119.14,1295704
884,118.9951,119.1099,118.77,118.78,705813
885,119.0199,119.1,118.93,118.99,682201
886,119.26,119.37,118.95,119.02,1147286
887,118.881,119.26,118.79,119.26,1104274
888,119.14,119.2,118.85,118.8893,753314
889,118.89,119.28,118.861,119.14,1257840
890,118.78,119.01,118.74,118.8999,3135537
960,119.3,119.34,119.16,119.2,1956326
961,119.5,119.55,118.85,119.31,2580515
962,119.64,119.68,119.17,119.48,1960654
963,119.785,119.79,119.42,119.631,1532037
964,119.89,119.92,119.7,119.79,1464288
965,119.52,119.9,119.48,119.89,1199481
966,119.32,119.65,119.26,119.526,1224652
967,119.462,119.61,119.26,119.33,798887
968,119.5822,119.64,119.4,119.46,725175
969,119.35,119.6,119.35,119.585,727613
970,119.17,119.4,118.95,119.35,1312204
971,119.311,119.33,118.96,119.15,1255301
972,119.475,119.57,119.2,119.3119,1275075
973,119.47,119.65,119.45,119.4749,933894
974,119.33,119.53,119.3,119.47,592671
975,119.489,119.55,119.33,119.33,646115
976,119.28,119.5,119.24,119.485,438118
977,119.17,119.3092,119.101,119.29,665979
978,119.26,119.3,119.16,119.17,470671
979,119.195,119.32,119.15,119.2553,578118
980,119.265,119.31,119.17,119.2,438885
981,119.34,119.36,119.21,119.265,550891
982,119.165,119.36,119.14,119.34,690207
983,119.2718,119.28,119.06,119.169,849153
984,119.1843,119.28,119.151,119.2701,660275
985,119.18,119.25,119.15,119.2,1017396
986,119.3,119.31,119.14,119.18,3673396
a1448289000,119.33,119.4,119.27,119.27,353488
1,119.45,119.58,118.75,119.31,2202725
2,119.455,119.73,119.22,119.46,1639130
3,119.2,119.47,119.15,119.455,986748
4,119.295,119.43,119.18,119.2,881802
5,119.011,119.32,118.78,119.29,1167490
6,118.9424,119.125,118.81,119.02,955042
7,118.645,118.93,118.62,118.92,919049
8,118.33,118.68,118.22,118.66,1366871
9,118.291,118.445,118.115,118.3311,1165028
10,118.2302,118.37,118.12,118.29,908245
11,118.17,118.24,118.06,118.235,746903
12,118.13,118.19,117.8,118.161,1227704
13,118.335,118.36,117.915,118.134,783794
14,118.31,118.35,118.095,118.331,528750
15,118.03,118.43,117.995,118.32,774251
16,118.0901,118.29,118,118.0399,686010
17,118.1849,118.22,118,118.095,614993
18,117.782,118.18,117.78,118.18,677124
19,117.76,117.821,117.6,117.78,1137089
20,117.65,117.9,117.6,117.76,657578
21,117.545,117.79,117.34,117.65,1180280
22,117.697,117.76,117.5502,117.5502,605344
23,118.01,118.01,117.64,117.695,714442
24,117.9401,118.05,117.83,118,621920
25,117.86,118.09,117.85,117.9465,905352
26,117.75,117.97,117.58,117.87,4132350
96,117.16,117.33,117.12,117.33,378528
97,118.571,118.8136,117.12,117.15,3639163
98,118.98,119.16,118.44,118.56,2500819
99,118.75,119.23,118.69,118.98,1908345
100,118.3301,118.8499,118.13,118.75,1908500
101,117.671,118.36,117.67,118.33,2059594
102,117.92,117.97,117.44,117.67,2022221
103,118.175,118.32,117.83,117.92,1494426
104,118.68,118.68,118.11,118.17,883487
105,118.64,118.75,118.51,118.6789,846543
106,119.078,119.35,118.62,118.63,2332717
107,118.8,119.16,118.72,119.08,948255
108,118.82,118.82,118.57,118.795,781291
109,118.88,118.91,118.74,118.82,467051
110,118.7,118.9,118.67,118.88,540652
111,118.755,118.92,118.65,118.7,778803
112,118.82,118.85,118.63,118.7606,503540
113,118.9442,118.96,118.81,118.81,607413
114,118.765,118.96,118.765,118.9432,507060
115,118.69,119.11,118.69,118.77,1170703
116,118.61,118.72,118.361,118.68,830318
117,118.76,118.87,118.38,118.6,757133
118,119.01,119.07,118.67,118.755,685082
119,119,119.15,118.84,119,931724
120,118.86,119.05,118.8,118.9976,883698
121,118.82,118.865,118.57,118.865,1029907
122,118.88,118.93,118.68,118.81,7157981
192,119.23,119.23,118.97,119.21,261990
193,118.6,119.23,118.48,119.23,1943375
194,118.56,118.8011,118.22,118.6,1663765
195,118.5695,118.63,118.27,118.5608,1220655
196,118.172,118.5685,118.15,118.5601,1039501
197,118.345,118.53,118.17,118.185,837513
198,118.24,118.54,118.18,118.36,887267
199,118.085,118.31,118.08,118.241,722198
200,118.135,118.37,118.05,118.085,694838
201,118.22,118.3299,118.0901,118.1375,409418
202,118.265,118.33,118.19,118.2235,441700
203,118.169,118.2729,118.06,118.26,583174
204,118.3198,118.36,118.1,118.165,433928
205,118.37,118.44,118.27,118.32,402523
206,118.28,118.39,118.26,118.38,253031
207,118.2701,118.35,118.24,118.27,293929
208,118.205,118.325,118.15,118.28,321991
209,118.3,118.33,118.2001,118.2001,297315
210,118.325,118.39,118.22,118.305,300737
211,118.32,118.385,118.27,118.3246,241058
212,118.41,118.45,118.29,118.32,433935
213,118.35,118.49,118.33,118.4127,270736
214,118.39,118.42,118.2725,118.3551,321352
215,118.29,118.42,118.25,118.39,315590
216,118.27,118.33,118.21,118.28,466887
217,118.14,118.27,118.07,118.2649,859334
218,118.03,118.15,117.92,118.13,2876343
384,118.29,118.3,118.13,118.25,323205
385,117.7072,118.41,117.67,118.3,1439948
386,117.8825,117.96,117.6,117.71,1231925
387,117.86,118.01,117.7,117.89,767820
388,117.9,118.0301,117.81,117.8509,664845
389,117.88,117.99,117.82,117.89,494310
390,117.72,117.89,117.66,117.871,540649
391,117.81,117.88,117.7199,117.73,452809
392,118.1,118.14,117.81,117.82,783415
393,117.9,118.2,117.9,118.1,679657
394,117.9251,118,117.86,117.91,441708
395,118.1058,118.1098,117.92,117.9269,555278
396,117.99,118.1495,117.91,118.1,654940
397,117.98,118.08,117.92,117.99,484994
398,117.81,117.99,117.81,117.98,1542290
672,117.92,117.99,117.75,117.99,428433
673,119.025,119.06,117.84,117.94,2627090
674,118.825,119.25,118.77,119.02,2252406
675,119.05,119.22,118.6455,118.83,2070822
676,119.28,119.41,118.83,119.045,1653211
677,119.16,119.38,119.085,119.263,1342847
678,118.9889,119.3,118.935,119.16,908412
679,118.99,119.03,118.82,118.98,701961
680,118.4201,119.02,118.33,118.98,1349381
681,118.35,118.5,118.17,118.42,1063978
682,118.21,118.39,118.05,118.36,957807
683,118.3801,118.42,118.15,118.2199,609114
684,118.525,118.67,118.381,118.3895,679450
685,118.52,118.6,118.4699,118.53,389330
686,118.62,118.68,118.4946,118.52,384581
687,118.48,118.68,118.46,118.615,414782
688,118.821,118.85,118.3314,118.48,614609
689,118.7,118.88,118.66,118.8192,614366
690,118.94,118.95,118.6711,118.7,506278
691,119.085,119.12,118.92,118.94,738652
692,118.9265,119.14,118.9265,119.09,593392
693,118.86,118.98,118.83,118.92,563629
694,118.6843,118.95,118.657,118.855,531624
695,118.705,118.79,118.61,118.69,498854
696,118.47,118.74,118.4215,118.71,711497
697,118.52,118.62,118.441,118.47,842021
698,118.35,118.59,118.29,118.52,8522099
768,118.74,118.81,118.7,118.75,315457
769,118.26,118.76,118.15,118.74,2104724
770,118.65,118.69,118.25,118.2701,1387447
771,118.6001,118.74,118.37,118.621,1547013
772,118.162,118.6025,117.82,118.6,2040281
773,118.2,118.32,117.94,118.162,938224
774,118.31,118.472,118.125,118.21,1021637
775,118.345,118.44,118.29,118.3169,594567
776,118.22,118.48,118.22,118.352,567974
777,118.0598,118.3,118.01,118.23,752759
778,118.07,118.19,117.97,118.05,604993
779,118.16,118.26,118.05,118.061,598950
780,118.1811,118.1811,117.85,118.14,1355991
781,117.93,118.24,117.9,118.182,861048
782,117.84,117.95,117.76,117.93,1133391
783,117.61,117.84,117.52,117.8305,971536
784,117.35,117.63,117.33,117.6,1034502
785,117.401,117.5211,117.13,117.3501,1251738
786,117.37,117.57,117.25,117.401,845976
787,117.21,117.5,117.18,117.36,796777
788,117.13,117.3765,117.13,117.21,727458
789,117.0635,117.14,116.86,117.1308,1573899
790,117.14,117.245,117.06,117.066,814553
791,117.23,117.3,117.06,117.1308,822678
792,117.07,117.29,117,117.24,1041591
793,117.235,117.33,117.065,117.07,1480128
794,117.34,117.38,117.15,117.235,4167878
864,117,117.0888,117,117.05,243285
865,117.66,117.8,117,117.035,2087386
866,117.63,117.75,117.51,117.65,1325693
867,117.51,117.78,117.44,117.63,1414243
868,117.54,117.69,117.44,117.51,968065
869,118.04,118.0854,117.34,117.54,1626376
870,117.88,118.11,117.82,118.03,1183109
871,117.97,118.01,117.735,117.87,1032060
872,117.825,117.98,117.72,117.97,730290
873,117.84,117.93,117.76,117.835,717717
874,117.76,117.8586,117.66,117.84,661249
875,117.881,117.9499,117.695,117.76,520677
876,118.045,118.05,117.75,117.8823,632682
877,117.91,118.07,117.84,118.05,706875
878,117.91,118.06,117.86,117.91,466602
879,117.83,117.97,117.74,117.91,581226
880,117.73,117.87,117.61,117.835,481301
881,117.525,117.77,117.52,117.73,436433
882,117.29,117.53,117.24,117.53,766548
883,117.06,117.28,116.93,117.28,1013331
884,116.97,117.07,116.74,117.06,1284010
885,116.72,116.99,116.63,116.96,991675
886,116.51,116.73,116.3384,116.72,1242908
887,116.57,116.85,116.42,116.53,957342
888,116.54,116.79,116.481,116.57,1067441
889,116.42,116.6594,116.35,116.545,1364785
890,116.28,116.62,116.08,116.41,5268422
960,116.52,116.59,116.51,116.55,235185
961,115.95,116.79,115.74,116.53,2447656
962,116.44,116.59,115.82,115.95,2006396
963,116.08,116.49,115.89,116.41,1528824
964,115.89,116.1,115.76,116.086,1291219
965,115.95,116.02,115.71,115.88,1049581
966,116.06,116.28,115.87,115.95,906467
967,116.44,116.48,115.96,116.05,951118
968,116.5,116.68,116.32,116.45,1194634
969,116.1,116.52,116.09,116.49,704814
970,116.19,116.25,116.04,116.1038,515940
971,115.7765,116.23,115.66,116.19,923602
972,115.38,115.85,115.18,115.78,1686874
973,115.59,115.62,115.151,115.37,1198619
974,115.24,115.71,115.22,115.58,839151
975,115.33,115.435,115.01,115.23,1091756
976,115.36,115.58,115.31,115.33,846233
977,115.37,115.4299,115.21,115.36,629094
978,114.832,115.36,114.82,115.36,1493671
979,114.94,115.01,114.76,114.8301,1129943
980,114.58,114.98,114.5442,114.94,1294486
981,114.44,114.61,114.22,114.58,1816822
982,114.87,114.92,114.39,114.45,1262418
983,114.629,115.135,114.62,114.86,1331718
984,114.6525,114.84,114.44,114.62,1160270
985,114.93,114.98,114.48,114.66,1290215
986,115.17,115.27,114.84,114.93,4911272
a1449239400,115.23,115.29,115.2,115.29,414124
1,116.508,116.6,115.11,115.27,3454363
2,117.45,117.47,116.03,116.504,4109586
3,117.7,117.82,117.26,117.4503,4219239
4,118.12,118.2,117.67,117.71,3617923
5,118.18,118.44,117.955,118.12,2843666
6,118.48,118.485,117.86,118.17,2152295
7,118.255,118.5,118.1,118.48,1693585
8,118.1,118.42,118.09,118.2501,1427663
9,118.035,118.21,117.87,118.11,1560764
10,118.215,118.36,117.94,118.03,1235063
11,118.372,118.41,118,118.21,1125137
12,118.346,118.43,118.25,118.388,960517
13,118.709,118.825,118.32,118.345,1816919
14,118.63,118.7001,118.41,118.6876,969307
15,118.74,118.87,118.58,118.63,1250301
16,118.63,118.8,118.55,118.73,865265
17,118.765,118.7823,118.55,118.64,911262
18,118.935,118.95,118.61,118.77,1060414
19,119.1,119.1,118.86,118.935,1482414
20,119.07,119.1,118.82,119.09,1209630
21,119.07,119.09,118.95,119.0635,929049
22,119.11,119.15,118.9399,119.0609,1205723
23,119.13,119.25,118.98,119.12,1779238
24,118.99,119.12,118.925,119.111,1334452
25,119.02,119.09,118.83,118.9811,1674129
26,119.03,119.07,118.86,119.01,6466757
288,118.95,119,118.92,118.98,291167
289,119.325,119.86,118.61,118.95,3335421
290,119.07,119.4,118.53,119.3,2520005
291,118.8,119.12,118.64,119.08,1437893
292,118.8961,119.35,118.75,118.8,1557917
293,118.71,118.901,118.59,118.9,1187666
294,118.48,118.7499,118.32,118.72,1267703
295,118.39,118.66,118.27,118.46,964395
296,118.095,118.48,118.01,118.39,941168
297,118.42,118.5365,118.06,118.08,769728
298,118.3601,118.5,118.1301,118.4249,687460
299,118.308,118.38,118.17,118.35,682891
300,118.135,118.37,118.05,118.32,619204
301,118.02,118.23,117.98,118.14,719930
302,118.04,118.22,117.99,118.01,472832
303,118.05,118.31,117.99,118.03,762213
304,118.19,118.26,118.025,118.0699,553510
305,118.07,118.24,118.02,118.18,589144
306,118.275,118.3,118,118.06,664913
307,118.315,118.5,118.21,118.27,698945
308,118.1941,118.33,118.0636,118.32,541018
309,117.975,118.28,117.94,118.195,1129440
310,118.03,118.28,117.97,117.98,759371
311,117.94,118.11,117.81,118.03,760071
312,118.17,118.26,117.86,117.94,841329
313,118.31,118.33,118.07,118.165,1008531
314,118.28,118.48,118.14,118.3,3460179
384,117.32,117.56,117.32,117.52,353621
385,117.82,118.1,117.07,117.32,2558904
386,117.07,117.92,117.01,117.83,1909141
387,117.135,117.38,116.89,117.06,2204299
388,117.04,117.19,116.86,117.14,1374371
389,117.95,118.015,116.96,117.03,1617680
390,118.05,118.17,117.865,117.96,1412353
391,118.4,118.57,118.01,118.04,1453850
392,118.12,118.6,118.11,118.41,1087445
393,117.946,118.24,117.9,118.12,941058
394,117.9,117.97,117.71,117.97,798784
395,117.54,117.92,117.54,117.9,694011
396,117.6289,117.715,117.36,117.55,801619
397,117.68,117.7,117.44,117.629,475238
398,117.8316,117.84,117.59,117.685,606460
399,117.7401,117.99,117.65,117.835,675229
400,117.63,117.74,117.481,117.74,577689
401,117.75,117.83,117.58,117.63,493088
402,117.73,117.795,117.58,117.74,538310
403,118.07,118.16,117.71,117.73,880486
404,117.81,118.1,117.75,118.08,530329
405,117.75,117.87,117.64,117.8,563364
406,117.86,118.08,117.749,117.749,735740
407,117.94,118.06,117.71,117.86,835440
408,118,118.13,117.9,117.94,905775
409,118.11,118.12,117.9,118,1029490
410,118.23,118.51,118.09,118.1108,5162684
480,117.57,117.64,117.52,117.64,240499
481,117.37,117.69,117.08,117.57,2176485
482,117.05,117.56,116.96,117.35,2075687
483,117.29,117.52,116.94,117.05,1862685
484,117.186,117.35,117.11,117.29,962780
485,117.37,117.52,117.19,117.19,1070831
486,117.09,117.47,117.04,117.37,865758
487,117.07,117.17,116.97,117.08,879062
488,116.84,117.1,116.78,117.08,1145770
489,116.5399,117.03,116.52,116.84,1434634
490,116.49,116.5999,116.29,116.5365,1209410
491,116.28,116.55,116.23,116.4965,940367
492,115.78,116.51,115.75,116.2899,1746781
493,115.63,115.9399,115.39,115.78,1760342
494,115.46,115.8401,115.39,115.62,1632079
495,115.43,115.7,115.08,115.4701,1675715
496,115.35,115.54,115.18,115.43,1147128
497,115.32,115.44,115.13,115.35,1442312
498,115.505,115.83,115.3,115.32,1644588
499,115.567,115.64,115.45,115.5,899500
500,115.51,115.68,115.44,115.58,907401
501,115.575,115.64,115.43,115.505,731925
502,115.159,115.58,115.15,115.58,1247064
503,115.2,115.54,115.12,115.16,1114963
504,115.4957,115.69,115.1,115.21,1452711
505,115.52,115.85,115.45,115.5,1534973
506,115.62,115.65,115.25,115.51,5044158
576,116.16,116.25,116.04,116.04,246417
577,116.13,116.3899,115.6,116.2,2661802
578,115.81,116.1996,115.75,116.12,1672257
579,115.73,116.05,115.51,115.81,1504725
580,116.13,116.24,115.64,115.73,1572805
581,116.61,116.62,115.92,116.13,1392243
582,116.4,116.69,116.32,116.61,1099659
583,116.19,116.47,116.1,116.41,818866
584,116.1,116.34,116.1,116.19,748232
585,115.78,116.11,115.77,116.1,786946
586,115.99,116.02,115.7714,115.78,686823
587,115.85,116.13,115.85,115.99,572622
588,115.94,116,115.8165,115.855,464210
589,115.94,115.97,115.77,115.95,595493
590,116.12,116.21,115.82,115.9585,712648
591,116.1942,116.22,116.01,116.13,513174
592,116.23,116.34,116.07,116.19,572993
593,116.299,116.39,116.199,116.23,486597
594,116.255,116.5,116.22,116.29,642647
595,116.33,116.45,116.24,116.257,475881
596,116.8,116.8,116.33,116.34,739358
597,116.795,116.9,116.63,116.785,894059
598,116.66,116.94,116.61,116.795,698137
599,116.45,116.71,116.45,116.66,797237
600,116.2901,116.49,116.07,116.4599,942050
601,116.2,116.3,116.05,116.28,781469
602,116.17,116.3,115.9,116.195,3007223
672,114.98,115.21,114.94,115.19,522661
673,114.55,115.39,114.5,115.15,2980343
674,114.478,114.765,114.21,114.58,2276471
675,114.39,114.85,114.25,114.46,2035254
676,114.462,114.59,114.04,114.38,1983730
677,114.01,114.53,114,114.47,1497670
678,113.9502,114.17,113.78,114.01,1675268
679,113.815,114.08,113.72,113.95,1364885
680,113.43,113.92,113.34,113.815,1613543
681,113.54,113.56,113.18,113.43,1880020
682,113.33,113.7501,113.3,113.54,1116537
683,113.1755,113.47,113.03,113.325,1772356
684,113.13,113.18,112.851,113.18,1541971
685,113.4,113.47,113.04,113.13,1152530
686,113.5,113.55,113.05,113.395,941681
687,113.55,113.64,113.335,113.495,1020950
688,113.41,113.8,113.39,113.55,1116362
689,113.425,113.53,113.18,113.41,831005
690,113.635,113.73,113.37,113.43,732192
691,113.53,113.73,113.41,113.64,858275
692,113.6,113.8,113.48,113.54,997576
693,113.55,113.61,113.35,113.6,707384
694,113.38,113.5505,113.25,113.5505,987757
695,113.245,113.54,113.13,113.38,1028261
696,113.075,113.31,112.86,113.26,1708659
697,113.12,113.32,113.02,113.08,1602408
698,113.18,113.32,113.01,113.13,5984285
960,111.97,112.18,111.9,112.18,547324
961,110.65,112,110.61,111.9,5196968
962,111.025,111.49,110.636,110.636,3750927
963,110.97,111.46,110.73,111.03,3103021
964,110.87,111.8,110.79,110.9791,3327743
965,111.3228,111.37,110.73,110.8698,2172086
966,111.14,111.34,110.88,111.32,1785930
967,111,111.18,110.78,111.13,1955553
968,110.32,111.06,110.3173,110.9901,2171434
969,110.24,110.36,109.95,110.31,2660323
970,110.575,110.6,109.79,110.23,1995594
971,111.02,111.16,110.34,110.59,1759475
972,111.33,111.38,110.99,111.01,1943772
973,110.9401,111.46,110.88,111.325,1555943
974,111.29,111.36,110.905,110.95,1459260
975,111.47,111.606,111.26,111.3,1112626
976,111.45,111.66,111.32,111.475,1259755
977,111.89,111.95,111.4,111.44,1726961
978,112.47,112.65,111.7,111.9,2283637
979,112.5,112.68,112.09,112.46,1702764
980,111.9998,112.619,111.939,112.51,1343835
981,111.865,112.075,111.67,111.99,1093204
982,112.24,112.28,111.86,111.86,1440505
983,111.76,112.31,111.76,112.23,1513796
984,112.011,112.06,111.61,111.7682,1343342
985,111.807,112.15,111.72,112.016,1636310
986,112.48,112.5,111.78,111.815,5691522
a1450189800,111.98,112.05,111.91,111.94,400770
1,111.915,112.35,111.59,111.99,5196892
2,111.4,111.98,111.13,111.9075,3115351
3,111.676,111.7,111.38,111.4,2290747
4,111.98,111.99,111.52,111.68,1646039
5,112.21,112.25,111.67,111.98,1880264
6,112.62,112.8,112.08,112.21,2641636
7,112.13,112.6101,111.98,112.61,2123297
8,112.03,112.23,111.85,112.12,1443927
9,111.64,112.12,111.62,112.03,1278834
10,111.48,111.69,111.2,111.64,2007724
11,111.53,111.63,111.45,111.46,1002933
12,111.595,111.74,111.34,111.535,1179056
13,111.895,112.05,111.58,111.596,1325613
14,112.03,112.09,111.84,111.9,864129
15,111.8,112.08,111.76,112.04,808242
16,111.58,111.876,111.54,111.81,930797
17,111.58,111.7,111.5,111.585,895840
18,111.7999,111.87,111.57,111.58,1263817
19,111.7261,111.94,111.67,111.8,759054
20,111.5945,111.82,111.51,111.71,928128
21,111.49,111.68,111.46,111.5926,1068402
22,111.37,111.55,111.33,111.48,964934
23,110.88,111.43,110.88,111.3742,1885275
24,110.7,110.93,110.61,110.889,1822796
25,110.59,110.7,110.35,110.7,2408276
26,110.49,110.84,110.42,110.59,5401840
96,111.09,111.2,111,111.07,461808
97,111.56,111.99,110.98,111.1,2987237
98,110.635,111.56,110.625,111.56,2339647
99,110.56,110.89,110.515,110.6292,1621111
100,110.12,110.59,110.11,110.555,1971277
101,110.4,110.41,109.72,110.13,2886531
102,110.3995,110.65,110.21,110.39,1808686
103,109.8936,110.41,109.67,110.4,2165641
104,109.4601,110.08,109.425,109.8847,1637489
105,109.32,109.7,109.25,109.4701,1967361
106,109.0853,109.35,108.93,109.32,2415556
107,109.09,109.15,108.8,109.081,1896527
108,109.26,109.27,108.98,109.09,1572361
109,109.02,109.27,108.98,109.255,1098243
110,109.05,109.13,108.96,109.02,1331321
111,109.43,109.4956,109,109.06,1085094
112,109.63,109.72,109.42,109.4346,1184617
113,109.695,109.795,109.6,109.6399,976150
114,110.25,110.43,109.66,109.7,1505198
115,109.99,110.6,109.28,110.14,2724564
116,110.15,110.48,109.83,110,2047405
117,110.295,110.38,109.78,110.14,1496584
118,111.11,111.11,110.1,110.3099,2369606
119,110.72,111.23,110.56,111.0901,1906549
120,111.3401,111.43,110.61,110.71,1712181
121,111.28,111.6,111.13,111.3499,1747666
122,111.34,111.38,111.2,111.28,3865733
192,112.0889,112.17,112.01,112.02,404868
193,111.45,112.15,111.34,112.09,2625064
194,111.17,111.505,110.78,111.468,2101645
195,110.96,111.32,110.752,111.2,1584548
196,110.734,111.13,110.62,110.95,1680013
197,110.545,110.83,110.46,110.74,1234246
198,110.11,110.55,109.93,110.54,2155457
199,109.936,110.39,109.9,110.1065,1563685
200,109.68,109.97,109.47,109.93,2054450
201,110.028,110.28,109.5,109.69,1729426
202,110.0423,110.33,110,110.03,1125291
203,110.14,110.15,109.85,110.04,1021254
204,109.98,110.22,109.95,110.14,808180
205,110.0645,110.16,109.79,109.98,741637
206,110.21,110.27,109.8,110.06,833678
207,110.34,110.4,110.08,110.2,605974
208,110.301,110.55,110.2,110.3422,877042
209,110.2,110.32,110.01,110.3,842479
210,110.08,110.23,110,110.19,870511
211,109.86,110.19,109.78,110.09,1610323
212,109.68,109.995,109.6,109.875,1224689
213,109.505,109.8,109.48,109.6738,1174731
214,109.45,109.54,109.12,109.5001,1754205
215,109.191,109.54,109.191,109.46,1250194
216,109.44,109.55,109.15,109.195,1592998
217,109.35,109.83,109.34,109.44,1679288
218,108.98,109.43,108.98,109.34,5847096
288,108.74,108.93,108.64,108.91,7747665
289,108.93,109.28,108.46,108.79,3092912
290,109.24,109.52,108.77,108.9289,2320569
291,108.776,109.25,108.56,109.24,2068240
292,108.3765,109,108.32,108.77,1713090
293,107.87,108.55,107.81,108.36,2683362
294,108.07,108.25,107.66,107.87,1977091
295,108.13,108.28,107.94,108.07,1227708
296,107.83,108.22,107.77,108.14,1638918
297,107.52,107.93,107.4366,107.8361,1496129
298,107.34,107.5899,107.14,107.52,1653924
299,107.2638,107.54,107.26,107.3359,1216601
300,106.8243,107.32,106.77,107.26,2636189
301,106.755,106.84,106.44,106.82,2506111
302,106.4,106.92,106.4,106.755,1958339
303,107.29,107.44,106.4,106.4,2205337
304,106.78,107.31,106.57,107.29,1620240
305,107.0756,107.13,106.67,106.766,1311557
306,107.21,107.31,106.795,107.0741,1436407
307,107.11,107.5,107.11,107.21,1449240
308,107.1515,107.417,106.9,107.11,1315838
309,106.6616,107.165,106.65,107.15,1486128
310,106.55,106.855,106.55,106.6688,1445351
311,106.1159,106.75,106.05,106.56,2277168
312,106.2599,106.4,105.81,106.12,3500778
313,106.22,106.48,106,106.26,2782845
314,105.93,106.225,105.8201,106.216,24050188
576,107.22,107.3,107.2,107.28,547893
577,106.96,107.37,106.71,107.23,3340332
578,106.36,106.99,106.16,106.98,2504485
579,106.6,106.87,106.3502,106.36,1769726
580,106.3099,106.74,106.12,106.61,1616406
581,106.37,106.68,106.11,106.31,1318765
582,105.94,106.4,105.57,106.36,2233614
583,105.76,106.08,105.73,105.93,1327832
584,106.03,106.15,105.75,105.7565,1447048
585,105.8656,106.05,105.615,106.03,1455457
586,106.56,106.57,105.81,105.86,1495605
587,107.02,107.04,106.5,106.5606,1959069
588,106.7098,107.0355,106.67,107.01,1385482
589,106.9,107,106.67,106.705,964992
590,107.03,107.25,106.87,106.895,1283251
591,107.2601,107.34,107.0301,107.0301,1072695
592,107.195,107.29,106.96,107.26,880954
593,107.04,107.24,107.03,107.2,643462
594,107.053,107.17,106.86,107.04,974539
595,106.87,107.21,106.83,107.0799,809406
596,106.72,106.899,106.63,106.8609,854957
597,106.529,106.77,106.4,106.72,1055772
598,106.42,106.63,106.26,106.53,835715
599,106.24,106.645,106.2099,106.41,1051198
600,106.43,106.48,106.12,106.23,1044346
601,106.4949,106.64,106.25,106.42,1259556
602,107.33,107.35,106.47,106.498,4676577
672,107.41,107.45,107.35,107.4,439401
673,106.9901,107.48,106.83,107.41,2274890
674,106.65,107.01,106.61,107,1373457
675,106.836,106.92,106.451,106.663,1437024
676,106.9361,106.98,106.642,106.83,1387846
677,107.0735,107.23,106.83,106.939,1362567
678,106.52,107.17,106.48,107.089,1156623
679,106.93,106.97,106.52,106.52,871835
680,106.717,106.92,106.62,106.9101,694708
681,107.17,107.35,106.69,106.717,1361652
682,107.24,107.36,107.01,107.1647,1023964
683,107.12,107.28,106.96,107.25,855921
684,107.3289,107.38,107.0601,107.13,772072
685,107.46,107.72,107.2977,107.3299,1545018
686,107.38,107.54,107.31,107.47,775097
687,107.18,107.43,107.11,107.384,794688
688,107.226,107.33,107.07,107.18,529378
689,107.1,107.24,107.01,107.23,561584
690,107.4469,107.47,107.08,107.1061,753593
691,107.37,107.47,107.29,107.449,601493
692,107.2499,107.47,107.19,107.37,708639
693,107.449,107.46,107.21,107.24,583158
694,107.42,107.45,107.21,107.4499,591442
695,107.43,107.5,107.295,107.4154,896838
696,107.32,107.48,107.28,107.427,1047857
697,107.09,107.39,107.02,107.32,1102351
698,107.23,107.31,107.02,107.1,3248252
768,107.26,107.33,107.2,107.27,275500
769,107.8599,108.02,107.26,107.3,1770838
770,108.24,108.48,107.83,107.8478,2249582
771,108.213,108.61,108.11,108.2399,1821382
772,108,108.3,107.85,108.226,1235643
773,108.41,108.45,107.9299,108.01,1197569
774,108.48,108.51,108.28,108.41,988821
775,108.3041,108.5,108.21,108.48,884205
776,108.2,108.4775,108.12,108.3051,881482
777,108.37,108.37,108.14,108.2,624838
778,108.49,108.5,108.12,108.36,891582
779,108.5551,108.7,108.45,108.495,1332691
780,108.755,108.85,108.51,108.55,988748
781,108.6,108.77,108.54,108.75,931861
782,108.4046,108.6,108.31,108.59,789486
783,108.26,108.42,108.22,108.4001,590685
784,108.28,108.44,108.135,108.26,553293
785,108.215,108.29,108.03,108.29,554742
786,108.17,108.28,108.115,108.22,606269
787,108.34,108.38,108.1651,108.18,672182
788,108.4122,108.47,108.29,108.3384,637497
789,108.525,108.64,108.41,108.41,818128
790,108.581,108.63,108.43,108.52,763752
791,108.295,108.61,108.24,108.575,822517
792,108.5399,108.565,108.2705,108.2999,662937
793,108.5501,108.56,108.37,108.5375,892941
794,108.61,108.65,108.43,108.55,3277284
864,108.94,109,108.9,109,297853
865,108.35,108.98,108.27,108.958,1276872
866,108.41,108.62,108.33,108.3501,907819
867,108.01,108.49,107.95,108.41,1612471
868,108.32,108.43,107.99,108,912364
869,108.4001,108.47,108.23,108.33,713353
870,108.53,108.59,108.31,108.4,565116
871,108.61,108.65,108.43,108.53,589335
872,108.3738,108.63,108.35,108.6199,650405
873,108.42,108.4724,108.3,108.38,560949
874,108.5,108.65,108.4,108.42,636540
875,108.35,108.53,108.33,108.5,396776
876,108.41,108.49,108.35,108.35,458815
877,108.175,108.42,108.1,108.41,765848
878,108.03,108.24,107.96,108.17,2100185
a1451313000,107.575,107.63,107.552,107.59,282101
1,106.9899,107.69,106.92,107.55,1855712
2,106.77,107.19,106.7,106.99,1720280
3,106.605,106.95,106.56,106.76,1386352
4,106.465,106.77,106.46,106.6,1115221
5,106.5498,106.64,106.37,106.46,1166134
6,106.205,106.65,106.1807,106.54,1294837
7,106.631,106.64,106.2,106.2,878870
8,107.0102,107.03,106.625,106.64,1060937
9,107.0565,107.11,106.92,107.015,836519
10,107.17,107.28,106.975,107.055,935756
11,106.9,107.275,106.9,107.1667,578864
12,106.985,107.06,106.85,106.91,545569
13,106.925,107.05,106.882,106.985,509978
14,106.98,107.122,106.8678,106.9267,517940
15,107.05,107.19,106.971,106.971,380786
16,107.15,107.25,107.035,107.0487,400468
17,107.0437,107.34,107.01,107.15,615879
18,106.96,107.08,106.88,107.05,456648
19,106.89,107.06,106.88,106.95,478858
20,107.01,107.055,106.86,106.9,440696
21,106.87,107.01,106.8399,107,538210
22,106.815,106.95,106.79,106.86,459909
23,106.7899,106.87,106.69,106.82,626862
24,106.6801,106.8157,106.63,106.785,803723
25,106.6,106.72,106.58,106.69,970454
26,106.82,106.83,106.51,106.585,3663877
96,106.98,106.98,106.86,106.96,390436
97,107.505,107.7,106.88,106.98,1771352
98,107.37,107.56,107.2301,107.51,1385023
99,107.43,107.6,107.33,107.37,1073735
100,107.77,107.789,107.36,107.43,908947
101,107.5299,107.78,107.4,107.77,924221
102,107.51,107.56,107.43,107.525,691059
103,107.88,107.94,107.5001,107.503,955077
104,107.9,107.955,107.8002,107.862,683535
105,107.99,107.99,107.86,107.91,663534
106,107.885,108.05,107.81,107.981,1011324
107,108.2533,108.27,107.8821,107.8821,914547
108,108.41,108.5,108.24,108.25,993391
109,108.49,108.49,108.37,108.4106,691984
110,108.534,108.61,108.435,108.49,813517
111,108.69,108.76,108.53,108.54,934325
112,108.79,108.809,108.6901,108.6901,589815
113,108.9499,108.97,108.785,108.785,998286
114,109.089,109.17,108.92,108.95,1337699
115,109.149,109.18,109.0172,109.085,811195
116,109.3,109.36,109.13,109.14,1125424
117,109.16,109.31,109.06,109.31,800852
118,109.24,109.43,109.16,109.1684,1039227
119,109.0916,109.31,109.04,109.25,795906
120,108.86,109.1099,108.8,109.1,1210927
121,108.7,108.95,108.62,108.87,1334385
122,108.74,108.85,108.66,108.71,3051331
192,108.55,108.64,108.52,108.59,281667
193,107.772,108.7,107.75,108.6,1682499
194,107.57,107.96,107.4,107.77,1692593
195,107.6987,107.8,107.45,107.575,1286788
196,107.28,107.75,107.18,107.69,1320218
197,107.6599,107.66,107.25,107.31,1036753
198,107.65,107.79,107.54,107.6524,725800
199,107.81,107.94,107.57,107.67,813434
200,107.885,107.89,107.66,107.8001,463075
201,107.631,107.88,107.631,107.88,504860
202,107.54,107.72,107.5,107.64,566315
203,107.6,107.6925,107.5,107.54,450871
204,107.69,107.76,107.53,107.5919,565992
205,107.67,107.78,107.58,107.6835,425146
206,107.6999,107.72,107.64,107.6749,356574
207,107.6201,107.77,107.535,107.6948,483201
208,107.61,107.6728,107.5,107.62,481314
209,107.71,107.74,107.57,107.6,440959
210,107.73,107.75,107.61,107.7001,395269
211,107.77,107.784,107.66,107.732,450087
212,107.6365,107.8,107.6,107.78,603819
213,107.56,107.6853,107.55,107.64,448497
214,107.6999,107.72,107.56,107.56,584660
215,107.735,107.75,107.63,107.7,541601
216,107.7,107.9,107.69,107.73,739625
217,107.55,107.74,107.3765,107.7,1590410
218,107.32,107.59,107.27,107.555,2698662
288,106.99,107.02,106.95,107.01,411882
289,106.475,107.03,106.29,106.9601,1880631
290,106.1711,106.52,105.89,106.47,2424890
291,106.2646,106.3401,105.95,106.18,1500950
292,105.917,106.2731,105.88,106.27,1283411
293,105.785,106.04,105.73,105.93,1492485
294,105.86,106.019,105.66,105.78,1096064
295,105.93,106.03,105.8275,105.85,848484
296,105.83,105.95,105.76,105.93,890368
297,105.7785,105.9,105.73,105.824,807956
298,105.78,105.89,105.6275,105.78,1087705
299,105.99,106.09,105.77,105.77,1044730
300,105.828,106.02,105.76,105.9801,950573
301,105.87,105.92,105.73,105.825,787704
302,105.68,105.91,105.65,105.87,909623
303,105.57,105.68,105.49,105.67,1284295
304,105.4701,105.5655,105.34,105.5655,1380359
305,105.54,105.58,105.37,105.479,679470
306,105.4901,105.5699,105.42,105.54,682901
307,105.205,105.5,105.18,105.495,1138074
308,105,105.21,104.89,105.209,2586496
309,105.2099,105.24,104.82,105.0063,1444867
310,105.21,105.39,105.16,105.2,923952
311,105.18,105.2199,105,105.2099,1326591
312,105.215,105.38,105.17,105.1888,1066703
313,105.3,105.46,105.19,105.22,1564914
314,105.26,105.54,105.22,105.29,5528362
672,102.5,102.61,102.4,102.61,958435
673,102.61,103.69,102,102.4,5802454
674,102.67,103.23,102.43,102.634,2545313
675,102.98,102.985,102.38,102.68,2469155
676,103.28,103.59,102.88,102.97,2350479
677,103.53,103.55,103.01,103.28,1798239
678,103.3375,103.935,103.22,103.52,2088129
679,103.045,103.33,102.5,103.33,1735242
680,103.4,103.47,102.87,103.0499,1516756
681,103.78,103.835,103.205,103.3901,1320543
682,103.83,103.9,103.585,103.785,1164154
683,103.73,103.97,103.69,103.8298,1048998
684,103.87,104.05,103.71,103.73,1225713
685,104.449,104.5,103.81,103.875,1538140
686,104.785,104.89,104.43,104.4501,1754124
687,104.88,104.96,104.57,104.78,1505170
688,104.65,104.99,104.61,104.8978,1169074
689,104.55,104.81,104.48,104.65,893902
690,104.63,104.76,104.31,104.556,1298405
691,104.89,104.9,104.41,104.6485,1567549
692,105.25,105.368,104.81,104.9,1935976
693,105.09,105.279,104.9,105.228,1258035
694,104.75,105.15,104.59,105.08,1015280
695,104.16,104.75,104.01,104.75,1379838
696,104.0453,104.28,103.83,104.16,1588210
697,104.69,104.75,104.02,104.045,1650307
698,105.35,105.36,104.69,104.7,6703420
768,105.71,105.85,105.69,105.75,414169
769,104.965,105.8499,104.37,105.69,3072215
770,104.13,105.055,104.1,104.969,2054232
771,104.0983,104.28,103.83,104.12,2008329
772,104.2,104.37,103.98,104.09,1091123
773,104.335,104.61,104.19,104.2,1161412
774,104.49,104.95,104.28,104.3238,1331796
775,103.98,104.55,103.98,104.4901,1110107
776,103.93,104.12,103.87,103.9801,1134012
777,104.01,104.18,103.89,103.92,706559
778,104.095,104.29,103.99,104.01,723356
779,103.01,104.1,102.42,104.09,5582134
780,103.1,103.3,102.41,103.01,3477016
781,102.85,103.56,102.8,103.0974,2233030
782,103.03,103.09,102.72,102.85,1606517
783,102.86,103.33,102.8,103.03,1441294
784,103.03,103.08,102.75,102.8656,1146186
785,103.4224,103.54,102.94,103.0216,1395209
786,103.47,103.75,103.36,103.43,1551087
787,103.39,103.52,103.2151,103.4799,974785
788,103.55,103.74,103.36,103.39,1537483
789,103.0815,103.57,103.05,103.56,1367029
790,103,103.2099,102.9089,103.0665,1205564
791,103,103.09,102.76,102.99,1762088
792,102.8,103.02,102.615,103.005,1710179
793,102.775,102.94,102.63,102.804,2037154
794,102.71,102.91,102.6,102.77,5998722
864,100.46,100.56,100.34,100.56,990331
865,101,101.54,100.22,100.43,5316950
866,101.38,101.87,100.74,101,3558318
867,101.73,101.9,100.99,101.36,3216533
868,102.28,102.37,101.63,101.74,2383652
869,101.34,102.319,101.23,102.27,1884262
870,101.5,101.6,101.18,101.33,1799332
871,101.8239,102.15,101.46,101.509,1761558
872,101.9,102.16,101.61,101.8205,1728114
873,101.3995,101.9237,101.35,101.91,1373452
874,101.18,101.49,101.17,101.395,1262192
875,101.21,101.316,101.15,101.185,1427677
876,100.66,101.23,100.65,101.2064,2977952
877,100.84,101.14,100.4,100.66,2500330
878,100.38,100.92,100.3561,100.845,1409196
879,100.1,100.5684,100.075,100.39,2032127
880,100.59,100.76,100.0775,100.106,2017292
881,100.4243,100.69,100.36,100.595,1078205
882,100.296,100.5,100.25,100.41,1039758
883,100.72,100.77,100.2,100.3,1964065
884,100.59,100.9369,100.52,100.72,1416280
885,100.25,100.67,100.08,100.58,1902982
886,100.1,100.37,99.96,100.24,3791542
887,100.129,100.28,99.99,100.11,2352146
888,100.246,100.29,99.87,100.1237,3187106
889,100.454,100.59,100.23,100.25,2302117
890,100.7,100.74,100.16,100.46,5246058
960,98.6,98.8,98.6,98.64,1344566
961,99.05,99.63,97.76,98.67,7219752
962,98.95,99.3,98.5,99.06,3385658
963,98.925,98.96,98.43,98.94,2818472
964,99.36,99.5,98.8,98.93,2565142
965,99.43,99.88,99.36,99.36,3077457
966,99.8,100,99.28,99.425,2131061
967,99.68,100.13,99.5969,99.79,2018668
968,99.25,99.85,99.23,99.67,1507635
969,99.19,99.46,99,99.24,1339323
970,99,99.19,98.81,99.1895,1539859
971,98.9156,99.13,98.77,99,1114170
972,98.69,99.08,98.61,98.9188,1488562
973,98.4199,98.75,98.38,98.7,1404773
974,98.1797,98.51,98.07,98.41,1649953
975,97.975,98.23,97.77,98.17,2577321
976,97.922,98.09,97.67,97.978,2396225
977,98.01,98.14,97.73,97.93,2673112
978,97.78,98.115,97.76,98.004,1592333
979,97.41,97.87,97.39,97.774,2464994
980,97.2101,97.6202,97.19,97.4099,1800734
981,97.4511,97.49,96.68,97.21,3201219
982,97.1635,97.65,97.14,97.45,2256795
983,97.195,97.47,96.9,97.15,2158070
984,96.595,97.28,96.59,97.2018,2282568
985,97.055,97.32,96.58,96.605,3704822
986,96.45,97.38,96.43,97.05,9444034
a1452263400,98.54,98.6,98.33,98.55,1425568
1,98.026,98.68,98,98.55,5378250
2,99.07,99.11,97.7,98.025,5096275
3,98.02,99.095,97.89,99.08,3321057
4,97.91,98.24,97.636,98.01,2529320
5,97.4106,98.17,97.38,97.9128,2231551
6,97.666,97.84,97.31,97.4199,1774990
7,97.58,97.95,97.49,97.665,2153611
8,97.29,97.75,97.08,97.57,2356311
9,97.0593,97.3,96.76,97.2963,2485917
10,97.9102,97.94,96.98,97.061,2001747
11,98.8664,98.87,97.82,97.92,3644621
12,98.82,98.91,98.55,98.8565,2332683
13,98.233,98.8299,98.171,98.82,1889849
14,98.485,98.65,98.18,98.2499,1148516
15,98.4538,98.72,98.25,98.485,1494388
16,98.42,98.59,98.24,98.45,1241633
17,98.828,98.95,98.3564,98.42,1448301
18,98.505,98.84,98.41,98.8211,1218760
19,97.77,98.5608,97.75,98.5101,1599470
20,97.47,97.98,97.42,97.76,1797232
21,98.06,98.08,97.4501,97.48,1309304
22,97.61,98.08,97.54,98.05,1303583
23,97.672,97.99,97.51,97.6,1143281
24,97.43,97.88,97.3575,97.6829,1342607
25,97.1,97.43,97.09,97.42,2131079
26,96.96,97.18,96.9,97.1,7512795
288,98.9389,99.06,98.87,98.97,853297
289,97.717,98.94,97.34,98.91,3553762
290,97.96,98.07,97.51,97.71,2238917
291,98.11,98.46,97.8,97.94,2218334
292,98.115,98.29,97.96,98.1101,1866028
293,98.197,98.39,98.01,98.12,1332901
294,97.73,98.2,97.67,98.2,1804231
295,97.85,97.87,97.5,97.725,1650827
296,97.8353,98.08,97.68,97.84,1203651
297,98.1661,98.3,97.68,97.84,1340491
298,98.28,98.46,98.16,98.16,1278652
299,98.19,98.45,98.14,98.2758,1056771
300,97.84,98.3,97.7805,98.205,967461
301,97.935,98.09,97.76,97.84,1226018
302,98.02,98.09,97.82,97.94,953639
303,97.76,98.09,97.7,98.025,1260405
304,97.91,98.225,97.76,97.76,1097949
305,97.8,98.02,97.747,97.9142,846648
306,97.695,97.84,97.58,97.8001,1306954
307,97.89,98.15,97.64,97.695,1490815
308,98.39,98.5,97.895,97.895,1481006
309,98.47,98.59,98.3,98.4,1522034
310,98.07,98.54,97.93,98.48,1147221
311,97.655,98.2,97.63,98.06,1285188
312,98.52,98.565,97.5,97.655,2347120
313,98.82,98.855,98.32,98.52,2397517
314,98.53,98.82,98.46,98.82,4805226
384,100.49,100.55,100.41,100.55,838637
385,100.12,100.69,99.83,100.43,4872639
386,100.385,100.5,99.89,100.1,3140625
387,100.03,100.62,99.81,100.39,2570024
388,100.01,100.0599,99.71,100.01,1961857
389,99.685,100.1775,99.53,100.01,1495399
390,99.7,99.78,99.37,99.6801,1559715
391,99.3363,99.81,99.17,99.7065,1383188
392,99.4,99.49,99.11,99.3339,1233600
393,99.37,99.4797,99.14,99.3939,1193373
394,99.62,99.7,99.29,99.36,1305437
395,99.59,99.87,99.49,99.63,1083695
396,99.34,99.6324,99.22,99.6,916060
397,99.205,99.48,99.03,99.34,1113456
398,99.21,99.5,99.16,99.21,909444
399,99.63,99.69,99.22,99.22,1015659
400,99.28,99.63,99.22,99.63,776508
401,99.55,99.57,99.2,99.28,846450
402,99.307,99.66,99.3,99.55,727414
403,99.0206,99.35,98.92,99.3,1428488
404,99.31,99.43,98.8399,99.025,1507866
405,99.46,99.65,99.2799,99.31,1228387
406,99.62,99.72,99.28,99.47,1009852
407,99.335,99.642,99.2,99.62,1117722
408,99.67,99.885,99.3,99.35,1553763
409,99.93,99.99,99.6,99.6685,1500200
410,99.96,100.22,99.82,99.94,5434615
480,100.56,100.74,100.32,100.32,605334
481,100.025,100.59,99.88,100.51,3382453
482,100.48,100.82,99.97,100.04,3683192
483,100.07,100.77,100.07,100.49,2238420
484,100.13,100.37,100,100.07,1769470
485,100.13,100.25,99.85,100.13,2319000
486,100.255,100.3262,100.04,100.1248,1490635
487,100.5169,100.69,100.08,100.24,1766537
488,100.83,101.19,100.5001,100.51,2409561
489,100.88,101.19,100.83,100.83,1498072
490,100.6999,100.9389,100.31,100.88,1772713
491,100.42,100.75,100.26,100.7,1411245
492,100.19,100.5,100.08,100.41,1504995
493,100.12,100.21,99.91,100.186,1354457
494,100.11,100.27,99.98,100.115,1232973
495,100.0765,100.18,99.68,100.1,2243928
496,99.6399,100.11,99.59,100.08,1035202
497,99.082,99.83,99.08,99.63,1650191
498,98.39,99.15,98.26,99.08,2034304
499,98.67,98.91,98.29,98.382,1747167
500,98.73,98.818,98.321,98.6636,1626644
501,98.0599,98.72,97.85,98.72,2436050
502,98.19,98.6,97.96,98.06,2327058
503,97.92,98.53,97.84,98.19,2047849
504,98.23,98.67,97.91,97.91,2608625
505,97.99,98.419,97.955,98.23,2471413
506,97.39,98.02,97.3,97.99,6656002
576,97.87,97.96,97.8,97.96,474622
577,96.6776,98.02,95.92,97.85,5366021
578,95.99,96.9,95.76,96.67,3026867
579,96.47,96.55,95.74,95.99,3696357
580,97.1761,97.22,96.17,96.48,3066041
581,97.69,97.75,96.97,97.18,2760468
582,97.97,98.32,97.65,97.6901,2810694
583,97.89,98.13,97.542,97.96,1547434
584,97.81,97.9099,97.27,97.89,1438230
585,97.88,97.8915,97.41,97.81,1209033
586,98.16,98.33,97.8899,97.89,1477121
587,97.882,98.35,97.73,98.18,1204455
588,97.94,98.18,97.8,97.89,887251
589,98.37,98.5,97.84,97.94,1332329
590,98.54,98.72,98.26,98.3653,1356406
591,98.92,98.99,98.45,98.53,1432101
592,99.2,99.35,98.845,98.93,1517591
593,99.044,99.25,98.9,99.21,1173611
594,99.5099,99.58,98.9,99.05,1401523
595,99.69,99.8,99.431,99.51,1911001
596,99.665,99.865,99.5,99.68,1327653
597,99.82,99.98,99.6,99.66,2087904
598,100.05,100.175,99.81,99.82,1921021
599,100.3397,100.48,100,100.0419,2046284
600,100.1,100.47,100.085,100.3276,1841735
601,99.54,100.13,99.5,100.11,2622001
602,99.52,99.8,99.35,99.54,5996505
672,95.965,96.2,95.88,96.2,3204587
673,96.89,97.31,95.87,95.96,4280822
674,97.03,97.5,96.73,96.88,3479514
675,96.79,97.35,96.6302,97.03,2805295
676,96.79,97.28,96.69,96.78,2196098
677,96.585,97.16,96.58,96.79,1959116
678,96.06,96.72,96.02,96.58,2058903
679,96.085,96.24,95.96,96.05,2865290
680,96.45,96.46,95.78,96.09,2539980
681,96.1099,96.53,96.02,96.45,1646058
682,96.04,96.41,96,96.1,1427479
683,95.98,96.25,95.59,96.0408,1562331
684,95.81,95.99,95.68,95.98,1998411
685,95.8333,95.85,95.36,95.8,2487168
686,96.5325,96.66,95.78,95.83,2920178
687,97.01,97.15,96.42,96.53,2530234
688,96.825,97.25,96.81,97.02,2262532
689,97.31,97.35,96.6,96.83,1811514
690,97.22,97.53,97.15,97.31,2054479
691,97.07,97.25,96.93,97.21,1502325
692,96.8,97.11,96.72,97.0801,1512714
693,97.05,97.25,96.71,96.81,1945876
694,97.51,97.599,96.96,97.0472,1933572
695,97.23,97.71,96.99,97.5099,1972589
696,97.205,97.28,96.74,97.225,2237173
697,97.09,97.25,96.885,97.2,2205135
698,97.072,97.22,96.97,97.08,6949171
a1453213800,98.37,98.51,98.33,98.41,619444
1,97.97,98.65,97.87,98.355,3214242
2,97.86,98.27,97.65,97.97,2397751
3,97.71,98.1,97.52,97.88,2017091
4,98.0698,98.08,97.67,97.6999,1697927
5,97.22,98.08,97.16,98.05,2005146
6,97.01,97.51,96.89,97.2101,1592895
7,96.99,97.18,96.85,96.99,1425783
8,96.755,97.12,96.23,96.98,2153990
9,96.8101,96.85,96.51,96.75,1350854
10,96.45,96.91,96.3974,96.82,1373055
11,96.59,96.74,96.43,96.44,1072471
12,96.54,96.65,96.17,96.5858,1397972
13,96.48,96.85,96.48,96.5461,1110333
14,96.594,96.67,96.29,96.47,1060017
15,96.64,96.87,96.46,96.6,923971
16,96.55,96.86,96.45,96.64,1205281
17,96.27,96.62,96.254,96.5539,959868
18,96.27,96.531,96.19,96.27,939491
19,95.5901,96.33,95.5798,96.26,1972668
20,96.08,96.1797,95.5,95.59,1787996
21,95.7,96.23,95.66,96.09,1491299
22,95.88,95.97,95.55,95.695,1220805
23,96.12,96.34,95.79,95.88,1525368
24,96.71,96.7301,95.98,96.12,1580859
25,96.88,96.96,96.6,96.705,2228132
26,96.66,97,96.65,96.89,4661108
96,95.02,95.16,95,95.1,719876
97,95.06,95.47,94.73,95.02,4405937
98,94.51,95.35,94.42,95.0542,3140222
99,94.58,94.81,94.27,94.52,2752795
100,94.03,94.63,93.91,94.57,2752354
101,94.0284,94.11,93.44,94.0395,3055985
102,93.53,94.056,93.42,94.04,2197209
103,93.91,93.96,93.45,93.53,2211041
104,94.295,94.37,93.84,93.915,2318248
105,94.435,94.86,94.295,94.3,2084619
106,94.08,94.5435,93.78,94.434,2080791
107,94.05,94.369,93.9,94.0885,1466314
108,93.98,94.1485,93.695,94.04,2055124
109,93.9901,94.17,93.874,93.98,1539425
110,94.57,94.65,93.85,94,1945540
111,94.45,94.9,94.3289,94.58,2036847
112,94.69,94.84,94.14,94.44,1620397
113,95.44,95.48,94.69,94.7101,2239782
114,95.585,95.8,95.2501,95.4292,2332557
115,95.84,95.98,95.21,95.58,1840451
116,95.7,95.97,95.55,95.84,1676869
117,95.52,95.87,95.341,95.69,1543735
118,95.88,96.24,95.46,95.525,1946157
119,96.51,96.64,95.7102,95.89,2217133
120,97.99,98.1897,96.5,96.51,3688889
121,97.33,98.09,97.13,98,3221566
122,96.79,97.3,96.68,97.3,7503484
192,97.11,97.15,97.02,97.06,431837
193,95.14,97.1365,95.06,97.09,3082918
194,95.27,95.53,94.94,95.13,2729615
195,96.45,96.73,95.18,95.26,2984599
196,96.56,96.7899,96.098,96.44,1780393
197,96.6099,96.94,96.25,96.57,1803151
198,96.47,97.08,96.41,96.6,1999313
199,96.97,97.39,96.27,96.48,2146793
200,96.89,97.05,96.67,96.98,1458821
201,97.15,97.3,96.85,96.8901,1382594
202,97.71,97.78,97.1264,97.14,1674973
203,97.47,97.88,97.33,97.705,1657711
204,97.65,97.73,97.4,97.4817,1276885
205,97.53,97.79,97.48,97.66,1075331
206,97.365,97.58,97.16,97.53,1207263
207,97.36,97.59,97.34,97.36,1163976
208,96.98,97.52,96.97,97.36,1200560
209,97.06,97.23,96.79,96.98,1181802
210,96.84,97.22,96.71,97.0501,1157834
211,96.285,96.95,96.15,96.84,1376541
212,96.15,96.34,95.85,96.2842,1376803
213,96.6,96.77,96.12,96.158,1411892
214,96.95,96.99,96.32,96.61,1251083
215,96.53,96.95,96.16,96.95,1315058
216,96.28,96.75,96.25,96.5344,1303869
217,96.66,96.86,96.27,96.28,1300840
218,96.3,96.74,96.25,96.675,3524489
288,98.64,98.65,98.48,98.63,688836
289,99.09,99.09,98.37,98.61,3824851
290,99.8489,99.85,98.95,99.0824,3796390
291,99.75,99.89,99.26,99.83,3261288
292,99.48,99.89,99.34,99.7448,2068363
293,99.95,100.18,99.43,99.48,3363672
294,99.46,100.09,99.41,99.9497,2575021
295,99.15,99.6,98.9,99.47,2880438
296,99.51,99.62,99.1,99.15,1960045
297,99.18,99.62,99.02,99.52,1497663
298,99.37,99.62,99.135,99.18,1495490
299,99.8558,99.9401,99.323,99.3701,1234712
300,100.045,100.19,99.7575,99.8599,2196541
301,100.2101,100.28,99.87,100.04,1712632
302,100.19,100.22,99.72,100.22,1615132
303,100.17,100.25,100.01,100.2,1353554
304,100.165,100.32,100.08,100.175,1233033
305,100.14,100.21,100.0359,100.16,781604
306,100.36,100.39,100.05,100.145,1312594
307,100.64,100.68,100.26,100.3565,1558310
308,100.5699,100.669,100.31,100.64,1752708
309,100.5525,100.65,100.38,100.56,1991105
310,100.91,100.92,100.52,100.5521,2119320
311,100.73,100.97,100.57,100.9,1903023
312,100.89,100.92,100.6,100.74,1713452
313,101.37,101.38,100.74,100.895,3196872
314,101.42,101.46,101.18,101.36,6608057
"
